{"arjvauo": 1, "ouavjra": 2, "you": 3, "i": 4, "is": 5, "to": 6, "of": 7, "the": 8, "and": 9, "how": 10, "what": 11, "iiest": 12, "are": 13, "have": 14, "i'm": 15, "or": 16, "a": 17, "help": 18, "with": 19, "am": 20, "good": 21, "questions": 22, "for": 23, "can": 24, "any": 25, "many": 26, "may": 27, "by": 28, "here": 29, "concerns": 30, "an": 31, "but": 32, "my": 33, "your": 34, "fine": 35, "at": 36, "has": 37, "new": 38, "assist": 39, "on": 40, "ai": 41, "language": 42, "weather": 43, "great": 44, "cs": 45, "college": 46, "does": 47, "tution": 48, "fee": 49, "wavier": 50, "bank": 51, "hello": 52, "students": 53, "work": 54, "too": 55, "me": 56, "model": 57, "been": 58, "don't": 59, "today": 60, "meaning": 61, "life": 62, "provide": 63, "hey": 64, "about": 65, "there": 66, "b": 67, "tech": 68, "yes": 69, "snt": 70, "floor": 71, "full": 72, "partial": 73, "00": 74, "000": 75, "shibpur": 76, "development": 77, "govt": 78, "india": 79, "innovation": 80, "cell": 81, "mic": 82, "culture": 83, "them": 84, "years": 85, "morning": 86, "afternoon": 87, "evening": 88, "what's": 89, "going": 90, "not": 91, "personal": 92, "experiences": 93, "so": 94, "like": 95, "do": 96, "thank": 97, "name": 98, "sorry": 99, "information": 100, "their": 101, "in": 102, "through": 103, "learning": 104, "process": 105, "purpose": 106, "answer": 107, "bye": 108, "hi": 109, "welcome": 110, "central": 111, "when": 112, "main": 113, "building": 114, "who": 115, "sir": 116, "package": 117, "2021": 118, "academic": 119, "5": 120, "nit": 121, "allow": 122, "scholarships": 123, "scholarship": 124, "contact": 125, "abhijit": 126, "bannerjee": 127, "5th": 128, "dean": 129, "tfw": 130, "annual": 131, "income": 132, "1": 133, "semester": 134, "trees": 135, "chat": 136, "bot": 137, "iic": 138, "ministry": 139, "human": 140, "resource": 141, "established": 142, "\u2018mhrd\u2019s": 143, "\u2019": 144, "systematically": 145, "foster": 146, "amongst": 147, "all": 148, "higher": 149, "education": 150, "institutions": 151, "heis": 152, "primary": 153, "mandate": 154, "encourage": 155, "inspire": 156, "nurture": 157, "young": 158, "supporting": 159, "ideas": 160, "transform": 161, "into": 162, "prototypes": 163, "while": 164, "they": 165, "informative": 166, "much": 167, "since": 168, "if": 169, "nothing": 170, "end": 171, "ready": 172, "whatever": 173, "need": 174, "up": 175, "lately": 176, "as": 177, "activities": 178, "however": 179, "always": 180, "doing": 181, "emotions": 182, "humans": 183, "asking": 184, "chatbot": 185, "capital": 186, "delhi": 187, "access": 188, "real": 189, "time": 190, "data": 191, "check": 192, "local": 193, "forecast": 194, "website": 195, "more": 196, "philosophical": 197, "subjective": 198, "question": 199, "that": 200, "debated": 201, "centuries": 202, "people": 203, "find": 204, "own": 205, "beliefs": 206, "using": 207, "deep": 208, "algorithms": 209, "understand": 210, "natural": 211, "inputs": 212, "then": 213, "generate": 214, "appropriate": 215, "responses": 216, "based": 217, "programming": 218, "training": 219, "tell": 220, "joke": 221, "sure": 222, "here's": 223, "one": 224, "why": 225, "did": 226, "tomato": 227, "turn": 228, "red": 229, "because": 230, "it": 231, "saw": 232, "salad": 233, "dressing": 234, "best": 235, "abilities": 236, "okay": 237, "nice": 238, "day": 239, "myiiest": 240, "engineering": 241, "institution": 242, "nirf": 243, "rank": 244, "41": 245, "hostels": 246, "71": 247, "stablished": 248, "1856": 249, "where": 250, "department": 251, "hod": 252, "nirnay": 253, "enrolled": 254, "5000": 255, "highest": 256, "50lpa": 257, "average": 258, "19lpa": 259, "show": 260, "today's": 261, "class": 262, "routein": 263, "follow": 264, "link": 265, "jee": 266, "mains": 267, "cutoff": 268, "99": 269, "tile": 270, "courses": 271, "offers": 272, "ug": 273, "4years": 274, "arch": 275, "5years": 276, "dual": 277, "degree": 278, "m": 279, "its": 280, "controlled": 281, "council": 282, "nitser": 283, "private": 284, "under": 285, "government": 286, "other": 287, "external": 288, "nsp": 289, "reliance": 290, "swami": 291, "vivekananda": 292, "etc": 293, "ashok": 294, "adak": 295, "1st": 296, "oppertunities": 297, "eligible": 298, "should": 299, "get": 300, "refund": 301, "josaa": 302, "admission": 303, "fees": 304, "latest": 305, "3rd": 306, "must": 307, "make": 308, "account": 309, "else": 310, "studying": 311, "loan": 312, "mail": 313, "welfare": 314, "bonafide": 315, "certificate": 316, "complete": 317, "rest": 318, "forward": 319, "details": 320, "during": 321, "payment": 322, "banks": 323, "uco": 324, "ubi": 325, "sbi": 326, "near": 327, "oval": 328, "ground": 329, "clubs": 330, "robodarsha": 331, "les": 332, "thespians": 333, "catharsis": 334, "euphony": 335, "litsoc": 336, "quizmaniac": 337, "beings": 338, "scage": 339, "society": 340, "games": 341, "sports": 342, "code": 343, "debsoc": 344, "reflexo": 345, "beta": 346, "entrepreneurship": 347, "camerabuff": 348, "aeromodelling": 349, "club": 350, "whats": 351, "special": 352, "rich": 353, "heritage": 354, "foundations": 355, "historical": 356, "importance": 357, "green": 358, "lush": 359, "campus": 360, "2610": 361, "fests": 362, "rebeca": 363, "gyandhara": 364, "oikotaa": 365, "anuranan": 366, "tedx": 367, "iiestshibpur": 368, "udbhavani": 369, "initium": 370, "metallum": 371, "sphuran": 372, "scintillations": 373, "impetus": 374, "vaidyutik": 375, "abhiyantrix": 376, "satrang": 377, "kriti": 378, "gaabesu": 379, "programme": 380, "bad": 381, "prefer": 382, "continue": 383, "this": 384, "conversation": 385, "still": 386, "appreciate": 387, "understanding": 388, "patience": 389, "\ud83d\ude4f": 390, "departments": 391, "20departments": 392}